<component name="ProjectRunConfigurationManager">
  <configuration default="false" name="Run Starsector" type="Application" factoryName="Application">
    <option name="ALTERNATIVE_JRE_PATH" value="$PROJECT_DIR$/../../jre" />
    <option name="ALTERNATIVE_JRE_PATH_ENABLED" value="true" />
    <option name="MAIN_CLASS_NAME" value="com.fs.starfarer.StarfarerLauncher" />
    <module name="Abyssal Vestiges" />
    <option name="VM_PARAMETERS" value="-agentlib:jdwp=transport=dt_socket,server=y,suspend=y,address=5005 -noverify -XX:+UnlockDiagnosticVMOptions -XX:+UnlockExperimentalVMOptions -XX:+ShowCodeDetailsInExceptionMessages -XX:+ExtensiveErrorReports -XX:+ShowMessageBoxOnError -XX:+PrintCommandLineFlags -XX:+TieredCompilation -XX:-UseCondCardMark -Xlog:async -XX:+UseFastStosb -XX:+AlwaysCompileLoopMethods -XX:TieredStopAtLevel=4 -XX:TrimNativeHeapInterval=60000 -XX:+UseCriticalCompilerThreadPriority -XX:+UseCriticalJavaThreadPriority -XX:UseAVX=3 -XX:AVX3Threshold=0 -XX:UseSSE=4 -XX:+UseSSE42Intrinsics -XX:+UseCompressedOops -XX:+UseCompressedClassPointers -XX:+UseFMA -XX:+UseBMI1Instructions -XX:+UseBMI2Instructions -XX:+UseCLMUL -XX:+UseFastUnorderedTimeStamps -XX:+UseUnalignedLoadStores -XX:+UseXMMForArrayCopy -XX:+UseXMMForObjInit -XX:+UseXmmI2D -XX:+UseXmmI2F -XX:+DisableExplicitGC -XX:+AlwaysPreTouch -XX:+ParallelRefProcEnabled -XX:+UseShenandoahGC -XX:ShenandoahGCMode=iu -XX:ShenandoahGCHeuristics=compact -XX:ShenandoahAllocationThreshold=85 -XX:ShenandoahGuaranteedGCInterval=0 -XX:+ZeroTLAB -XX:+SegmentedCodeCache -XX:+AlwaysAtomicAccesses -XX:+UseStringDeduplication -XX:-DontCompileHugeMethods -XX:Tier0Delay=1 -XX:+UseFPUForSpilling -XX:+EnableVectorAggressiveReboxing -XX:+EnableVectorReboxing -XX:+EnableVectorSupport -XX:-AlignVector -XX:TieredOldPercentage=10000 -XX:Tier0ProfilingStartPercentage=2000 -XX:IncreaseFirstTierCompileThresholdAt=99 -XX:InterpreterProfilePercentage=99 -XX:+UseVectorCmov -XX:+UseVectorStubs -XX:ReferencesPerThread=0 -XX:MaxGCPauseMillis=10 -XX:-EnableThreadSMRStatistics -XX:+UseUnalignedAccesses -XX:PerMethodRecompilationCutoff=100000 -XX:ProfileMaturityPercentage=100 -XX:NmethodSweepActivity=1 -XX:ThreadPriorityPolicy=1 -XX:ReservedCodeCacheSize=256m -XX:+PrintCodeCache -XX:-UseDynamicNumberOfCompilerThreads -XX:CompilerDirectivesFile=./compiler_directives.txt -Djava.library.path=native\\windows -XX:-BytecodeVerificationLocal -XX:-BytecodeVerificationRemote -Djava.util.Arrays.useLegacyMergeSort=true --enable-preview --add-opens=java.base/sun.nio.ch=ALL-UNNAMED --add-opens=java.base/java.nio=ALL-UNNAMED --add-opens=java.base/java.nio.Buffer.UNSAFE=ALL-UNNAMED --add-opens=java.base/java.util=ALL-UNNAMED --add-opens=java.base/java.util.concurrent=ALL-UNNAMED --add-opens=java.base/java.util.concurrent.locks=ALL-UNNAMED --add-opens=java.base/jdk.internal.ref=ALL-UNNAMED --add-opens=java.base/java.lang.reflect=ALL-UNNAMED --add-opens=java.base/java.lang.ref=ALL-UNNAMED --add-opens=java.base/java.text=ALL-UNNAMED --add-opens=java.desktop/java.awt.font=ALL-UNNAMED --add-opens=java.desktop/java.awt.Rectangle=ALL-UNNAMED --add-opens=java.desktop/java.awt=ALL-UNNAMED --add-exports=java.base/jdk.internal.ref=ALL-UNNAMED --add-exports=java.base/jdk.internal.misc=ALL-UNNAMED --add-exports=java.base/sun.nio.ch=ALL-UNNAMED -Xmx2048m -Xms2048m -Xss4m -Dcom.fs.starfarer.settings.paths.saves=..\\saves -Dcom.fs.starfarer.settings.paths.screenshots=..\\screenshots -Dcom.fs.starfarer.settings.paths.mods=..\\mods -Dcom.fs.starfarer.settings.paths.logs=. -classpath janino.jar;commons-compiler.jar;commons-compiler-jdk.jar;starfarer.api.jar;starfarer_obf.jar;jogg-0.0.7.jar;jorbis-0.0.15.jar;json.jar;lwjgl.jar;jinput.jar;log4j-1.2.9.jar;lwjgl_util.jar;fs.sound_obf.jar;fs.common_obf.jar;xstream-1.4.10.jar;txw2-3.0.2.jar;jaxb-api-2.4.0-b180830.0359.jar;webp-imageio-0.1.6.jar com.fs.starfarer.StarfarerLauncher" />
    <option name="WORKING_DIRECTORY" value="$PROJECT_DIR$/../../starsector-core" />
    <method v="2">
      <option name="MakeProject" enabled="true" />
    </method>
  </configuration>
</component>